Metric,Value,Percentage
MSE,63.97608113726205,N/A
RMSE,7.998504931376991,N/A
MAE,6.39751159930788,N/A
R² Score,0.8083020865866045,80.83%
